<?xml version="1.0" encoding="utf-8" ?>
<Defs>

    <ThingDef ParentName="BuildingBase" Name="RemoteDoors_DoorBase" Abstract="True">
    <thingClass>RemoteDoors.Building_RemoteDoor</thingClass>
    <category>Building</category>
    <altitudeLayer>DoorMoveable</altitudeLayer>
    <fillPercent>1</fillPercent>
    <useHitPoints>true</useHitPoints>
    <stuffCategories>
      <li>Metallic</li>
      <li>Woody</li>
      <li>Stony</li>
    </stuffCategories>
    <statBases>
      <MaxHitPoints>160</MaxHitPoints>
      <Flammability>1.0</Flammability>
    </statBases>
    <leaveResourcesWhenKilled>false</leaveResourcesWhenKilled>
    <selectable>true</selectable>
    <tickerType>Normal</tickerType>
    <rotatable>false</rotatable>
    <soundImpactDefault>BulletImpact_Metal</soundImpactDefault>
    <terrainAffordanceNeeded>Light</terrainAffordanceNeeded>
    <designationCategory>Structure</designationCategory>
    <holdsRoof>true</holdsRoof>
    <staticSunShadowHeight>1.0</staticSunShadowHeight>
    <blockLight>true</blockLight>
    <drawerType>RealtimeOnly</drawerType>
    <building>
			<isInert>true</isInert>
			<canPlaceOverWall>true</canPlaceOverWall>
      <soundDoorOpenPowered>Door_OpenPowered</soundDoorOpenPowered>
      <soundDoorClosePowered>Door_ClosePowered</soundDoorClosePowered>
      <blueprintClass>Blueprint_Door</blueprintClass>
      <blueprintGraphicData>
        <texPath>Things/Building/Door/Door_Blueprint</texPath>
      </blueprintGraphicData>
      <ai_chillDestination>false</ai_chillDestination>
    </building>
    <comps>
      <li Class="CompProperties_Forbiddable"/>
      <li Class="CompProperties_Power">
        <compClass>CompPowerTrader</compClass>
        <basePowerConsumption>25</basePowerConsumption>
      </li>
      <li Class="CompProperties_Flickable"/>
      <li Class="CompProperties_Breakdownable"/>
    </comps>
    <placeWorkers>
      <li>PlaceWorker_DoorLearnOpeningSpeed</li>
    </placeWorkers>
  </ThingDef>

  <ThingDef ParentName="RemoteDoors_DoorBase">
    <defName>RemoteDoor</defName>
    <label>remote door</label>
    <description>Divides rooms. Can be activated only by a remote controller.</description>
    <statBases>
      <WorkToBuild>1200</WorkToBuild>
    </statBases>
    <graphicData>
      <texPath>Things/Buildings/RemoteDoor_Mover</texPath>
      <graphicClass>Graphic_Single</graphicClass>
      <damageData>
        <enabled>false</enabled>
      </damageData>
    </graphicData>
    <uiIconPath>Things/Buildings/RemoteDoor_MenuIcon</uiIconPath>
    <costList>
      <Steel>40</Steel>
      <ComponentIndustrial>2</ComponentIndustrial>
    </costList>
    <costStuffCount>25</costStuffCount>
    <researchPrerequisites>
      <li>Autodoors</li>
    </researchPrerequisites>
    <constructionSkillPrerequisite>6</constructionSkillPrerequisite>
  </ThingDef>

</Defs>